{"CastlePosition":{"x":0.0,"y":0.0,"z":45.0},"CastleRotation":{"x":0.0,"y":180.0,"z":0.0},"Gates":[{"Multiplier":3,"GateType":"NonMovable","GatePosition":{"x":3.740000009536743,"y":0.0,"z":12.789999961853028},"GateScale":{"x":1.2999999523162842,"y":1.0,"z":1.0}},{"Multiplier":2,"GateType":"Movable","GatePosition":{"x":-2.4000000953674318,"y":0.0,"z":20.3700008392334},"GateScale":{"x":1.2999999523162842,"y":1.0,"z":1.0}},{"Multiplier":2,"GateType":"NonMovable","GatePosition":{"x":-1.7799999713897706,"y":0.0,"z":30.139999389648439},"GateScale":{"x":1.2999999523162842,"y":1.0,"z":1.0}}],"Obstacles":[{"ObstacleName":"Obstacle_05","ObstaclePosition":{"x":-4.119999885559082,"y":0.0,"z":12.619999885559082},"ObstacleRotation":{"x":0.0,"y":0.0,"z":0.0},"ObstacleScale":{"x":2.0,"y":1.0,"z":2.0}},{"ObstacleName":"Obstacle_05","ObstaclePosition":{"x":4.460000038146973,"y":0.0,"z":28.34000015258789},"ObstacleRotation":{"x":0.0,"y":180.0,"z":0.0},"ObstacleScale":{"x":2.0,"y":1.0,"z":2.0}}]}