{"CastlePosition":{"x":0.0,"y":0.0,"z":45.0},"CastleRotation":{"x":0.0,"y":180.0,"z":0.0},"Gates":[{"Multiplier":3,"GateType":"Movable","GatePosition":{"x":-3.4700000286102297,"y":0.0,"z":7.699999809265137},"GateScale":{"x":1.399999976158142,"y":1.0,"z":1.0}},{"Multiplier":2,"GateType":"NonMovable","GatePosition":{"x":-1.7100000381469727,"y":0.0,"z":17.899999618530275},"GateScale":{"x":1.0,"y":1.0,"z":1.0}},{"Multiplier":3,"GateType":"NonMovable","GatePosition":{"x":4.610000133514404,"y":0.0,"z":15.029999732971192},"GateScale":{"x":1.399999976158142,"y":1.0,"z":1.0}}],"Obstacles":[{"ObstacleName":"Obstacle_05","ObstaclePosition":{"x":-4.440000057220459,"y":0.0,"z":23.719999313354493},"ObstacleRotation":{"x":0.0,"y":0.0,"z":0.0},"ObstacleScale":{"x":1.8700000047683716,"y":1.0,"z":4.5}},{"ObstacleName":"Obstacle_11","ObstaclePosition":{"x":0.0,"y":0.0,"z":38.63999938964844},"ObstacleRotation":{"x":0.0,"y":0.0,"z":0.0},"ObstacleScale":{"x":1.0,"y":1.0,"z":1.7000000476837159}}]}